t,status_R1,status_R2,status_R3,status_R4,status_R5,remaining_R1,remaining_R2,remaining_R3,remaining_R4,remaining_R5,needs_decision_R1,needs_decision_R2,needs_decision_R3,needs_decision_R4,needs_decision_R5,rc_L1,rc_L2,pipeline_L1,pipeline_L2,pipeline_mode_L1,pipeline_mode_L2,gc_L1_PSC,gc_L1_NDG,gc_L1_BUSTA,gc_L2_PSC,restock_busy
0,IDLE,SETUP,RUNNING,IDLE,IDLE,0,5,15,0,0,1,0,0,1,1,12,15,15,3,RESTOCK,CONSUME,20,5,5,19,15
1,IDLE,SETUP,RUNNING,IDLE,IDLE,0,4,14,0,0,1,0,0,1,1,12,15,14,2,RESTOCK,CONSUME,20,5,5,19,14
2,IDLE,SETUP,RUNNING,IDLE,IDLE,0,3,13,0,0,1,0,0,1,1,12,15,13,1,RESTOCK,CONSUME,20,5,5,19,13
3,IDLE,SETUP,RUNNING,RUNNING,IDLE,0,2,12,15,0,1,0,0,0,1,12,15,12,3,RESTOCK,CONSUME,20,5,5,18,12
4,IDLE,SETUP,RUNNING,RUNNING,IDLE,0,1,11,14,0,1,0,0,0,1,12,15,11,2,RESTOCK,CONSUME,20,5,5,18,11
5,IDLE,SETUP,RUNNING,RUNNING,IDLE,0,5,10,13,0,1,0,0,0,1,12,15,10,1,RESTOCK,CONSUME,20,5,5,18,10
6,IDLE,SETUP,RUNNING,RUNNING,RUNNING,0,4,9,12,15,1,0,0,0,0,12,15,9,3,RESTOCK,CONSUME,20,5,5,17,9
7,IDLE,SETUP,RUNNING,RUNNING,RUNNING,0,3,8,11,14,1,0,0,0,0,12,14,8,2,RESTOCK,CONSUME,20,5,5,17,8
8,IDLE,SETUP,RUNNING,RUNNING,RUNNING,0,2,7,10,13,1,0,0,0,0,11,14,7,1,RESTOCK,CONSUME,20,5,5,17,7
9,IDLE,SETUP,RUNNING,RUNNING,RUNNING,0,1,6,9,12,1,0,0,0,0,11,14,6,0,RESTOCK,FREE,20,5,5,17,6
10,IDLE,SETUP,RUNNING,RUNNING,RUNNING,0,5,5,8,11,1,0,0,0,0,11,14,5,0,RESTOCK,FREE,20,5,5,17,5
11,IDLE,SETUP,RUNNING,RUNNING,RUNNING,0,4,4,7,10,1,0,0,0,0,11,14,4,0,RESTOCK,FREE,20,5,5,17,4
12,IDLE,SETUP,RUNNING,RUNNING,RUNNING,0,3,3,6,9,1,0,0,0,0,11,14,3,0,RESTOCK,FREE,20,5,5,17,3
13,IDLE,SETUP,RUNNING,RUNNING,RUNNING,0,2,2,5,8,1,0,0,0,0,11,14,2,0,RESTOCK,FREE,20,5,5,17,2
14,IDLE,SETUP,RUNNING,RUNNING,RUNNING,0,1,1,4,7,1,0,0,0,0,11,14,1,0,RESTOCK,FREE,20,5,5,17,1
15,IDLE,SETUP,RUNNING,RUNNING,RUNNING,0,5,15,3,6,1,0,0,0,0,12,13,15,3,RESTOCK,CONSUME,20,10,5,16,15
16,IDLE,SETUP,RUNNING,RUNNING,RUNNING,0,4,14,2,5,1,0,0,0,0,11,13,14,2,RESTOCK,CONSUME,20,10,5,16,14
17,IDLE,SETUP,RUNNING,RUNNING,RUNNING,0,3,13,1,4,1,0,0,0,0,11,13,13,1,RESTOCK,CONSUME,20,10,5,16,13
18,IDLE,SETUP,RUNNING,RUNNING,RUNNING,0,2,12,15,3,1,0,0,0,0,11,14,12,3,RESTOCK,CONSUME,20,10,5,15,12
19,IDLE,SETUP,RUNNING,RUNNING,RUNNING,0,1,11,14,2,1,0,0,0,0,11,14,11,2,RESTOCK,CONSUME,20,10,5,15,11
20,IDLE,SETUP,RUNNING,RUNNING,RUNNING,0,5,10,13,1,1,0,0,0,0,11,14,10,1,RESTOCK,CONSUME,20,10,5,15,10
21,IDLE,SETUP,RUNNING,RUNNING,RUNNING,0,4,9,12,15,1,0,0,0,0,11,15,9,3,RESTOCK,CONSUME,20,10,5,14,9
22,IDLE,SETUP,RUNNING,RUNNING,RUNNING,0,3,8,11,14,1,0,0,0,0,11,15,8,2,RESTOCK,CONSUME,20,10,5,14,8
23,IDLE,SETUP,RUNNING,RUNNING,RUNNING,0,2,7,10,13,1,0,0,0,0,11,14,7,1,RESTOCK,CONSUME,20,10,5,14,7
24,IDLE,SETUP,RUNNING,RUNNING,RUNNING,0,1,6,9,12,1,0,0,0,0,10,14,6,0,RESTOCK,FREE,20,10,5,14,6
25,IDLE,SETUP,RUNNING,RUNNING,RUNNING,0,5,5,8,11,1,0,0,0,0,10,14,5,0,RESTOCK,FREE,20,10,5,14,5
26,IDLE,SETUP,RUNNING,RUNNING,RUNNING,0,4,4,7,10,1,0,0,0,0,10,14,4,0,RESTOCK,FREE,20,10,5,14,4
27,IDLE,SETUP,RUNNING,RUNNING,RUNNING,0,3,3,6,9,1,0,0,0,0,10,14,3,0,RESTOCK,FREE,20,10,5,14,3
28,IDLE,SETUP,RUNNING,RUNNING,RUNNING,0,2,2,5,8,1,0,0,0,0,10,14,2,0,RESTOCK,FREE,20,10,5,14,2
29,IDLE,SETUP,RUNNING,RUNNING,RUNNING,0,1,1,4,7,1,0,0,0,0,10,14,1,0,RESTOCK,FREE,20,10,5,14,1
30,RUNNING,SETUP,RUNNING,RUNNING,RUNNING,15,5,15,3,6,0,0,0,0,0,11,14,3,3,CONSUME,CONSUME,19,10,10,13,0
31,RUNNING,SETUP,RUNNING,RUNNING,RUNNING,14,4,14,2,5,0,0,0,0,0,11,13,2,2,CONSUME,CONSUME,19,10,10,13,0
32,RUNNING,SETUP,RUNNING,RUNNING,RUNNING,13,3,13,1,4,0,0,0,0,0,10,13,1,1,CONSUME,CONSUME,19,10,10,13,0
33,RUNNING,SETUP,RUNNING,RUNNING,RUNNING,12,2,12,15,3,0,0,0,0,0,10,14,0,3,FREE,CONSUME,19,10,10,12,0
34,RUNNING,SETUP,RUNNING,RUNNING,RUNNING,11,1,11,14,2,0,0,0,0,0,10,14,0,2,FREE,CONSUME,19,10,10,12,0
35,RUNNING,RUNNING,RUNNING,RUNNING,RUNNING,10,18,10,13,1,0,0,0,0,0,10,14,3,1,CONSUME,CONSUME,19,10,9,12,0
36,RUNNING,RUNNING,RUNNING,RUNNING,RUNNING,9,17,9,12,15,0,0,0,0,0,10,15,2,3,CONSUME,CONSUME,19,10,9,11,0
37,RUNNING,RUNNING,RUNNING,RUNNING,RUNNING,8,16,8,11,14,0,0,0,0,0,10,15,1,2,CONSUME,CONSUME,19,10,9,11,0
38,RUNNING,RUNNING,RUNNING,RUNNING,RUNNING,7,15,7,10,13,0,0,0,0,0,10,15,0,1,FREE,CONSUME,19,10,9,11,0
39,RUNNING,RUNNING,RUNNING,RUNNING,RUNNING,6,14,6,9,12,0,0,0,0,0,10,14,0,0,FREE,FREE,19,10,9,11,0
40,RUNNING,RUNNING,RUNNING,RUNNING,RUNNING,5,13,5,8,11,0,0,0,0,0,9,14,0,0,FREE,FREE,19,10,9,11,0
41,RUNNING,RUNNING,RUNNING,RUNNING,RUNNING,4,12,4,7,10,0,0,0,0,0,9,14,0,0,FREE,FREE,19,10,9,11,0
42,RUNNING,RUNNING,RUNNING,RUNNING,RUNNING,3,11,3,6,9,0,0,0,0,0,9,14,0,0,FREE,FREE,19,10,9,11,0
43,RUNNING,RUNNING,RUNNING,RUNNING,RUNNING,2,10,2,5,8,0,0,0,0,0,9,14,0,0,FREE,FREE,19,10,9,11,0
44,RUNNING,RUNNING,RUNNING,RUNNING,RUNNING,1,9,1,4,7,0,0,0,0,0,9,14,0,0,FREE,FREE,19,10,9,11,0
45,RUNNING,RUNNING,RUNNING,RUNNING,RUNNING,15,8,15,3,6,0,0,0,0,0,11,14,3,3,CONSUME,CONSUME,18,10,9,10,0
46,RUNNING,RUNNING,RUNNING,RUNNING,RUNNING,14,7,14,2,5,0,0,0,0,0,11,13,2,2,CONSUME,CONSUME,18,10,9,10,0
47,RUNNING,RUNNING,RUNNING,RUNNING,RUNNING,13,6,13,1,4,0,0,0,0,0,11,13,1,1,CONSUME,CONSUME,18,10,9,10,0
48,RUNNING,RUNNING,RUNNING,IDLE,RUNNING,12,5,12,0,3,0,0,0,1,0,10,14,0,15,FREE,RESTOCK,18,10,9,10,15
49,RUNNING,RUNNING,RUNNING,IDLE,RUNNING,11,4,11,0,2,0,0,0,1,0,10,14,0,14,FREE,RESTOCK,18,10,9,10,14
50,RUNNING,RUNNING,RUNNING,IDLE,RUNNING,10,3,10,0,1,0,0,0,1,0,10,14,0,13,FREE,RESTOCK,18,10,9,10,13
51,RUNNING,RUNNING,RUNNING,IDLE,IDLE,9,2,9,0,0,0,0,0,1,1,10,15,0,12,FREE,RESTOCK,18,10,9,10,12
52,RUNNING,RUNNING,RUNNING,IDLE,IDLE,8,1,8,0,0,0,0,0,1,1,10,15,0,11,FREE,RESTOCK,18,10,9,10,11
53,RUNNING,SETUP,RUNNING,IDLE,IDLE,7,5,7,0,0,0,0,0,1,1,10,15,0,10,FREE,RESTOCK,18,10,9,10,10
54,RUNNING,SETUP,RUNNING,IDLE,IDLE,6,4,6,0,0,0,0,0,1,1,10,14,0,9,FREE,RESTOCK,18,10,9,10,9
55,RUNNING,SETUP,RUNNING,IDLE,IDLE,5,3,5,0,0,0,0,0,1,1,10,14,0,8,FREE,RESTOCK,18,10,9,10,8
56,RUNNING,SETUP,RUNNING,IDLE,IDLE,4,2,4,0,0,0,0,0,1,1,9,14,0,7,FREE,RESTOCK,18,10,9,10,7
57,RUNNING,SETUP,RUNNING,IDLE,IDLE,3,1,3,0,0,0,0,0,1,1,9,14,0,6,FREE,RESTOCK,18,10,9,10,6
58,RUNNING,RUNNING,RUNNING,IDLE,IDLE,2,17,2,0,0,0,0,0,1,1,9,14,3,5,CONSUME,RESTOCK,18,9,9,10,5
59,RUNNING,RUNNING,RUNNING,IDLE,IDLE,1,16,1,0,0,0,0,0,1,1,9,14,2,4,CONSUME,RESTOCK,18,9,9,10,4
60,IDLE,RUNNING,IDLE,IDLE,IDLE,0,15,0,0,0,1,0,1,1,1,11,14,1,3,CONSUME,RESTOCK,18,9,9,10,3
61,RUNNING,RUNNING,IDLE,IDLE,IDLE,15,14,0,0,0,0,0,1,1,1,11,14,3,2,CONSUME,RESTOCK,17,9,9,10,2
62,RUNNING,RUNNING,IDLE,IDLE,IDLE,14,13,0,0,0,0,0,1,1,1,11,13,2,1,CONSUME,RESTOCK,17,9,9,10,1
63,RUNNING,RUNNING,RUNNING,IDLE,IDLE,13,12,15,0,0,0,0,0,1,1,11,13,1,3,CONSUME,CONSUME,17,9,9,14,0
64,RUNNING,RUNNING,RUNNING,IDLE,IDLE,12,11,14,0,0,0,0,0,1,1,10,13,0,2,FREE,CONSUME,17,9,9,14,0
65,RUNNING,RUNNING,RUNNING,IDLE,IDLE,11,10,13,0,0,0,0,0,1,1,10,13,0,1,FREE,CONSUME,17,9,9,14,0
66,RUNNING,RUNNING,RUNNING,RUNNING,IDLE,10,9,12,15,0,0,0,0,0,1,10,13,0,3,FREE,CONSUME,17,9,9,13,0
67,RUNNING,RUNNING,RUNNING,RUNNING,IDLE,9,8,11,14,0,0,0,0,0,1,10,13,0,2,FREE,CONSUME,17,9,9,13,0
68,RUNNING,RUNNING,RUNNING,RUNNING,IDLE,8,7,10,13,0,0,0,0,0,1,10,13,0,1,FREE,CONSUME,17,9,9,13,0
69,RUNNING,RUNNING,RUNNING,RUNNING,RUNNING,7,6,9,12,15,0,0,0,0,0,10,13,0,3,FREE,CONSUME,17,9,9,12,0
70,RUNNING,RUNNING,RUNNING,RUNNING,RUNNING,6,5,8,11,14,0,0,0,0,0,10,12,0,2,FREE,CONSUME,17,9,9,12,0
71,RUNNING,RUNNING,RUNNING,RUNNING,RUNNING,5,4,7,10,13,0,0,0,0,0,10,12,0,1,FREE,CONSUME,17,9,9,12,0
72,RUNNING,RUNNING,RUNNING,RUNNING,RUNNING,4,3,6,9,12,0,0,0,0,0,9,12,0,0,FREE,FREE,17,9,9,12,0
73,RUNNING,RUNNING,RUNNING,RUNNING,RUNNING,3,2,5,8,11,0,0,0,0,0,9,12,0,0,FREE,FREE,17,9,9,12,0
74,RUNNING,RUNNING,RUNNING,RUNNING,RUNNING,2,1,4,7,10,0,0,0,0,0,9,12,0,0,FREE,FREE,17,9,9,12,0
75,RUNNING,SETUP,RUNNING,RUNNING,RUNNING,1,5,3,6,9,0,0,0,0,0,9,12,0,0,FREE,FREE,17,9,9,12,0
76,RUNNING,SETUP,RUNNING,RUNNING,RUNNING,15,4,2,5,8,0,0,0,0,0,10,12,3,0,CONSUME,FREE,16,9,9,12,0
77,RUNNING,SETUP,RUNNING,RUNNING,RUNNING,14,3,1,4,7,0,0,0,0,0,10,12,2,0,CONSUME,FREE,16,9,9,12,0
78,RUNNING,SETUP,RUNNING,RUNNING,RUNNING,13,2,15,3,6,0,0,0,0,0,11,11,1,3,CONSUME,CONSUME,16,9,9,11,0
79,RUNNING,SETUP,RUNNING,RUNNING,RUNNING,12,1,14,2,5,0,0,0,0,0,11,11,0,2,FREE,CONSUME,16,9,9,11,0
80,RUNNING,RUNNING,RUNNING,RUNNING,RUNNING,11,18,13,1,4,0,0,0,0,0,11,11,3,1,CONSUME,CONSUME,16,9,8,11,0
81,RUNNING,RUNNING,RUNNING,RUNNING,RUNNING,10,17,12,15,3,0,0,0,0,0,10,12,2,3,CONSUME,CONSUME,16,9,8,10,0
82,RUNNING,RUNNING,RUNNING,RUNNING,RUNNING,9,16,11,14,2,0,0,0,0,0,10,12,1,2,CONSUME,CONSUME,16,9,8,10,0
83,RUNNING,RUNNING,RUNNING,RUNNING,RUNNING,8,15,10,13,1,0,0,0,0,0,10,12,0,1,FREE,CONSUME,16,9,8,10,0
84,RUNNING,RUNNING,RUNNING,RUNNING,IDLE,7,14,9,12,0,0,0,0,0,1,10,13,0,15,FREE,RESTOCK,16,9,8,10,15
85,RUNNING,RUNNING,RUNNING,RUNNING,IDLE,6,13,8,11,0,0,0,0,0,1,10,12,0,14,FREE,RESTOCK,16,9,8,10,14
86,RUNNING,RUNNING,RUNNING,RUNNING,IDLE,5,12,7,10,0,0,0,0,0,1,10,12,0,13,FREE,RESTOCK,16,9,8,10,13
87,RUNNING,RUNNING,RUNNING,RUNNING,IDLE,4,11,6,9,0,0,0,0,0,1,10,12,0,12,FREE,RESTOCK,16,9,8,10,12
88,RUNNING,RUNNING,RUNNING,RUNNING,IDLE,3,10,5,8,0,0,0,0,0,1,10,12,0,11,FREE,RESTOCK,16,9,8,10,11
89,RUNNING,RUNNING,RUNNING,RUNNING,IDLE,2,9,4,7,0,0,0,0,0,1,9,12,0,10,FREE,RESTOCK,16,9,8,10,10
90,RUNNING,RUNNING,RUNNING,RUNNING,IDLE,1,8,3,6,0,0,0,0,0,1,9,12,0,9,FREE,RESTOCK,16,9,8,10,9
91,RUNNING,RUNNING,RUNNING,RUNNING,IDLE,15,7,2,5,0,0,0,0,0,1,10,12,3,8,CONSUME,RESTOCK,15,9,8,10,8
92,RUNNING,RUNNING,RUNNING,RUNNING,IDLE,14,6,1,4,0,0,0,0,0,1,10,12,2,7,CONSUME,RESTOCK,15,9,8,10,7
93,RUNNING,RUNNING,IDLE,RUNNING,IDLE,13,5,0,3,0,0,0,1,0,1,11,11,1,6,CONSUME,RESTOCK,15,9,8,10,6
94,RUNNING,RUNNING,IDLE,RUNNING,IDLE,12,4,0,2,0,0,0,1,0,1,11,11,0,5,FREE,RESTOCK,15,9,8,10,5
95,RUNNING,RUNNING,IDLE,RUNNING,IDLE,11,3,0,1,0,0,0,1,0,1,11,11,0,4,FREE,RESTOCK,15,9,8,10,4
96,RUNNING,RUNNING,IDLE,IDLE,IDLE,10,2,0,0,0,0,0,1,1,1,11,12,0,3,FREE,RESTOCK,15,9,8,10,3
97,RUNNING,RUNNING,IDLE,IDLE,IDLE,9,1,0,0,0,0,0,1,1,1,10,12,0,2,FREE,RESTOCK,15,9,8,10,2
98,RUNNING,SETUP,IDLE,IDLE,IDLE,8,5,0,0,0,0,0,1,1,1,10,12,0,1,FREE,RESTOCK,15,9,8,10,1
99,RUNNING,SETUP,RUNNING,IDLE,IDLE,7,4,15,0,0,0,0,0,1,1,10,12,0,3,FREE,CONSUME,15,9,8,14,0
100,RUNNING,SETUP,RUNNING,IDLE,IDLE,6,3,14,0,0,0,0,0,1,1,10,12,0,2,FREE,CONSUME,15,9,8,14,0
101,RUNNING,SETUP,RUNNING,IDLE,IDLE,5,2,13,0,0,0,0,0,1,1,10,11,0,1,FREE,CONSUME,15,9,8,14,0
102,RUNNING,SETUP,RUNNING,RUNNING,IDLE,4,1,12,15,0,0,0,0,0,1,10,11,0,3,FREE,CONSUME,15,9,8,13,0
103,RUNNING,RUNNING,RUNNING,RUNNING,IDLE,3,17,11,14,0,0,0,0,0,1,10,11,3,2,CONSUME,CONSUME,15,8,8,13,0
104,RUNNING,RUNNING,RUNNING,RUNNING,IDLE,2,16,10,13,0,0,0,0,0,1,10,11,2,1,CONSUME,CONSUME,15,8,8,13,0
105,RUNNING,RUNNING,RUNNING,RUNNING,RUNNING,1,15,9,12,15,0,0,0,0,0,9,11,1,3,CONSUME,CONSUME,15,8,8,12,0
106,RUNNING,RUNNING,RUNNING,RUNNING,RUNNING,15,14,8,11,14,0,0,0,0,0,10,11,3,2,CONSUME,CONSUME,14,8,8,12,0
107,RUNNING,RUNNING,RUNNING,RUNNING,RUNNING,14,13,7,10,13,0,0,0,0,0,10,11,2,1,CONSUME,CONSUME,14,8,8,12,0
108,RUNNING,RUNNING,RUNNING,RUNNING,RUNNING,13,12,6,9,12,0,0,0,0,0,10,11,1,0,CONSUME,FREE,14,8,8,12,0
109,RUNNING,RUNNING,RUNNING,RUNNING,RUNNING,12,11,5,8,11,0,0,0,0,0,10,10,0,0,FREE,FREE,14,8,8,12,0
110,RUNNING,RUNNING,RUNNING,RUNNING,RUNNING,11,10,4,7,10,0,0,0,0,0,10,10,0,0,FREE,FREE,14,8,8,12,0
111,RUNNING,RUNNING,RUNNING,RUNNING,RUNNING,10,9,3,6,9,0,0,0,0,0,10,10,0,0,FREE,FREE,14,8,8,12,0
112,RUNNING,RUNNING,RUNNING,RUNNING,RUNNING,9,8,2,5,8,0,0,0,0,0,10,10,0,0,FREE,FREE,14,8,8,12,0
113,RUNNING,RUNNING,RUNNING,RUNNING,RUNNING,8,7,1,4,7,0,0,0,0,0,9,10,0,0,FREE,FREE,14,8,8,12,0
114,RUNNING,RUNNING,RUNNING,RUNNING,RUNNING,7,6,15,3,6,0,0,0,0,0,10,10,0,3,FREE,CONSUME,14,8,8,11,0
115,RUNNING,RUNNING,RUNNING,RUNNING,RUNNING,6,5,14,2,5,0,0,0,0,0,10,10,0,2,FREE,CONSUME,14,8,8,11,0
116,RUNNING,RUNNING,RUNNING,RUNNING,RUNNING,5,4,13,1,4,0,0,0,0,0,10,10,0,1,FREE,CONSUME,14,8,8,11,0
117,RUNNING,RUNNING,RUNNING,RUNNING,RUNNING,4,3,12,15,3,0,0,0,0,0,10,10,0,3,FREE,CONSUME,14,8,8,10,0
118,RUNNING,RUNNING,RUNNING,RUNNING,RUNNING,3,2,11,14,2,0,0,0,0,0,10,10,0,2,FREE,CONSUME,14,8,8,10,0
119,RUNNING,RUNNING,RUNNING,RUNNING,RUNNING,2,1,10,13,1,0,0,0,0,0,10,10,0,1,FREE,CONSUME,14,8,8,10,0
120,RUNNING,SETUP,RUNNING,RUNNING,IDLE,1,5,9,12,0,0,0,0,0,1,10,11,0,15,FREE,RESTOCK,14,8,8,10,15
121,RUNNING,SETUP,RUNNING,RUNNING,IDLE,15,4,8,11,0,0,0,0,0,1,10,11,3,14,CONSUME,RESTOCK,13,8,8,10,14
122,RUNNING,SETUP,RUNNING,RUNNING,IDLE,14,3,7,10,0,0,0,0,0,1,10,11,2,13,CONSUME,RESTOCK,13,8,8,10,13
123,RUNNING,SETUP,RUNNING,RUNNING,IDLE,13,2,6,9,0,0,0,0,0,1,10,11,1,12,CONSUME,RESTOCK,13,8,8,10,12
124,RUNNING,SETUP,RUNNING,RUNNING,IDLE,12,1,5,8,0,0,0,0,0,1,10,10,0,11,FREE,RESTOCK,13,8,8,10,11
125,RUNNING,RUNNING,RUNNING,RUNNING,IDLE,11,18,4,7,0,0,0,0,0,1,10,10,3,10,CONSUME,RESTOCK,13,8,7,10,10
126,RUNNING,RUNNING,RUNNING,RUNNING,IDLE,10,17,3,6,0,0,0,0,0,1,10,10,2,9,CONSUME,RESTOCK,13,8,7,10,9
127,RUNNING,RUNNING,RUNNING,RUNNING,IDLE,9,16,2,5,0,0,0,0,0,1,10,10,1,8,CONSUME,RESTOCK,13,8,7,10,8
128,RUNNING,RUNNING,RUNNING,RUNNING,IDLE,8,15,1,4,0,0,0,0,0,1,10,10,0,7,FREE,RESTOCK,13,8,7,10,7
129,RUNNING,RUNNING,IDLE,RUNNING,IDLE,7,14,0,3,0,0,0,1,0,1,10,10,0,6,FREE,RESTOCK,13,8,7,10,6
130,RUNNING,RUNNING,IDLE,RUNNING,IDLE,6,13,0,2,0,0,0,1,0,1,10,10,0,5,FREE,RESTOCK,13,8,7,10,5
131,RUNNING,RUNNING,IDLE,RUNNING,IDLE,5,12,0,1,0,0,0,1,0,1,10,10,0,4,FREE,RESTOCK,13,8,7,10,4
132,RUNNING,RUNNING,IDLE,IDLE,IDLE,4,11,0,0,0,0,0,1,1,1,10,10,0,3,FREE,RESTOCK,13,8,7,10,3
133,RUNNING,RUNNING,IDLE,IDLE,IDLE,3,10,0,0,0,0,0,1,1,1,10,10,0,2,FREE,RESTOCK,13,8,7,10,2
134,RUNNING,RUNNING,IDLE,IDLE,IDLE,2,9,0,0,0,0,0,1,1,1,10,10,0,1,FREE,RESTOCK,13,8,7,10,1
135,RUNNING,RUNNING,RUNNING,IDLE,IDLE,1,8,15,0,0,0,0,0,1,1,10,10,0,3,FREE,CONSUME,13,8,7,14,0
136,RUNNING,RUNNING,RUNNING,IDLE,IDLE,15,7,14,0,0,0,0,0,1,1,11,10,3,2,CONSUME,CONSUME,12,8,7,14,0
137,RUNNING,RUNNING,RUNNING,IDLE,IDLE,14,6,13,0,0,0,0,0,1,1,10,10,2,1,CONSUME,CONSUME,12,8,7,14,0
138,RUNNING,RUNNING,RUNNING,RUNNING,IDLE,13,5,12,15,0,0,0,0,0,1,10,10,1,3,CONSUME,CONSUME,12,8,7,13,0
139,RUNNING,RUNNING,RUNNING,RUNNING,IDLE,12,4,11,14,0,0,0,0,0,1,10,10,0,2,FREE,CONSUME,12,8,7,13,0
140,RUNNING,RUNNING,RUNNING,RUNNING,IDLE,11,3,10,13,0,0,0,0,0,1,10,9,0,1,FREE,CONSUME,12,8,7,13,0
141,RUNNING,RUNNING,RUNNING,RUNNING,RUNNING,10,2,9,12,15,0,0,0,0,0,10,9,0,3,FREE,CONSUME,12,8,7,12,0
142,RUNNING,RUNNING,RUNNING,RUNNING,RUNNING,9,1,8,11,14,0,0,0,0,0,10,9,0,2,FREE,CONSUME,12,8,7,12,0
143,RUNNING,SETUP,RUNNING,RUNNING,RUNNING,8,5,7,10,13,0,0,0,0,0,10,9,0,1,FREE,CONSUME,12,8,7,12,0
144,RUNNING,SETUP,RUNNING,RUNNING,RUNNING,7,4,6,9,12,0,0,0,0,0,10,9,0,0,FREE,FREE,12,8,7,12,0
145,RUNNING,SETUP,RUNNING,RUNNING,RUNNING,6,3,5,8,11,0,0,0,0,0,9,9,0,0,FREE,FREE,12,8,7,12,0
146,RUNNING,SETUP,RUNNING,RUNNING,RUNNING,5,2,4,7,10,0,0,0,0,0,9,9,0,0,FREE,FREE,12,8,7,12,0
147,RUNNING,SETUP,RUNNING,RUNNING,RUNNING,4,1,3,6,9,0,0,0,0,0,9,9,0,0,FREE,FREE,12,8,7,12,0
148,RUNNING,RUNNING,RUNNING,RUNNING,RUNNING,3,17,2,5,8,0,0,0,0,0,9,8,3,0,CONSUME,FREE,12,7,7,12,0
149,RUNNING,RUNNING,RUNNING,RUNNING,RUNNING,2,16,1,4,7,0,0,0,0,0,9,8,2,0,CONSUME,FREE,12,7,7,12,0
150,RUNNING,RUNNING,RUNNING,RUNNING,RUNNING,1,15,15,3,6,0,0,0,0,0,10,8,1,3,CONSUME,CONSUME,12,7,7,11,0
151,RUNNING,RUNNING,RUNNING,RUNNING,RUNNING,15,14,14,2,5,0,0,0,0,0,11,8,3,2,CONSUME,CONSUME,11,7,7,11,0
152,RUNNING,RUNNING,RUNNING,RUNNING,RUNNING,14,13,13,1,4,0,0,0,0,0,11,8,2,1,CONSUME,CONSUME,11,7,7,11,0
153,RUNNING,RUNNING,RUNNING,RUNNING,RUNNING,13,12,12,15,3,0,0,0,0,0,10,9,1,3,CONSUME,CONSUME,11,7,7,10,0
154,RUNNING,RUNNING,RUNNING,RUNNING,RUNNING,12,11,11,14,2,0,0,0,0,0,10,9,0,2,FREE,CONSUME,11,7,7,10,0
155,RUNNING,RUNNING,RUNNING,RUNNING,RUNNING,11,10,10,13,1,0,0,0,0,0,10,9,0,1,FREE,CONSUME,11,7,7,10,0
156,RUNNING,RUNNING,RUNNING,RUNNING,IDLE,10,9,9,12,0,0,0,0,0,1,10,9,0,15,FREE,RESTOCK,11,7,7,10,15
157,RUNNING,RUNNING,RUNNING,RUNNING,IDLE,9,8,8,11,0,0,0,0,0,1,10,9,0,14,FREE,RESTOCK,11,7,7,10,14
158,RUNNING,RUNNING,RUNNING,RUNNING,IDLE,8,7,7,10,0,0,0,0,0,1,10,9,0,13,FREE,RESTOCK,11,7,7,10,13
159,RUNNING,RUNNING,RUNNING,RUNNING,IDLE,7,6,6,9,0,0,0,0,0,1,10,9,0,12,FREE,RESTOCK,11,7,7,10,12
160,RUNNING,RUNNING,RUNNING,RUNNING,IDLE,6,5,5,8,0,0,0,0,0,1,10,9,0,11,FREE,RESTOCK,11,7,7,10,11
161,RUNNING,RUNNING,RUNNING,RUNNING,IDLE,5,4,4,7,0,0,0,0,0,1,10,9,0,10,FREE,RESTOCK,11,7,7,10,10
162,RUNNING,RUNNING,RUNNING,RUNNING,IDLE,4,3,3,6,0,0,0,0,0,1,9,9,0,9,FREE,RESTOCK,11,7,7,10,9
163,RUNNING,RUNNING,RUNNING,RUNNING,IDLE,3,2,2,5,0,0,0,0,0,1,9,8,0,8,FREE,RESTOCK,11,7,7,10,8
164,RUNNING,RUNNING,RUNNING,RUNNING,IDLE,2,1,1,4,0,0,0,0,0,1,9,8,0,7,FREE,RESTOCK,11,7,7,10,7
165,RUNNING,SETUP,IDLE,RUNNING,IDLE,1,5,0,3,0,0,0,1,0,1,9,9,0,6,FREE,RESTOCK,11,7,7,10,6
166,RUNNING,SETUP,IDLE,RUNNING,IDLE,15,4,0,2,0,0,0,1,0,1,10,9,3,5,CONSUME,RESTOCK,10,7,7,10,5
167,RUNNING,SETUP,IDLE,RUNNING,IDLE,14,3,0,1,0,0,0,1,0,1,10,9,2,4,CONSUME,RESTOCK,10,7,7,10,4
168,RUNNING,SETUP,IDLE,IDLE,IDLE,13,2,0,0,0,0,0,1,1,1,10,10,1,3,CONSUME,RESTOCK,10,7,7,10,3
169,RUNNING,SETUP,IDLE,IDLE,IDLE,12,1,0,0,0,0,0,1,1,1,10,10,0,2,FREE,RESTOCK,10,7,7,10,2
170,RUNNING,RUNNING,IDLE,IDLE,IDLE,11,18,0,0,0,0,0,1,1,1,9,10,3,1,CONSUME,RESTOCK,10,7,6,10,1
171,RUNNING,RUNNING,RUNNING,IDLE,IDLE,10,17,15,0,0,0,0,0,1,1,9,9,2,3,CONSUME,CONSUME,10,7,6,14,0
172,RUNNING,RUNNING,RUNNING,IDLE,IDLE,9,16,14,0,0,0,0,0,1,1,9,9,1,2,CONSUME,CONSUME,10,7,6,14,0
173,RUNNING,RUNNING,RUNNING,IDLE,IDLE,8,15,13,0,0,0,0,0,1,1,9,9,15,1,RESTOCK,CONSUME,10,7,6,14,15
174,RUNNING,RUNNING,RUNNING,RUNNING,IDLE,7,14,12,15,0,0,0,0,0,1,9,9,14,3,RESTOCK,CONSUME,10,7,6,13,14
175,RUNNING,RUNNING,RUNNING,RUNNING,IDLE,6,13,11,14,0,0,0,0,0,1,9,9,13,2,RESTOCK,CONSUME,10,7,6,13,13
176,RUNNING,RUNNING,RUNNING,RUNNING,IDLE,5,12,10,13,0,0,0,0,0,1,9,9,12,1,RESTOCK,CONSUME,10,7,6,13,12
177,RUNNING,RUNNING,RUNNING,RUNNING,RUNNING,4,11,9,12,15,0,0,0,0,0,9,9,11,3,RESTOCK,CONSUME,10,7,6,12,11
178,RUNNING,RUNNING,RUNNING,RUNNING,RUNNING,3,10,8,11,14,0,0,0,0,0,8,9,10,2,RESTOCK,CONSUME,10,7,6,12,10
179,RUNNING,RUNNING,RUNNING,RUNNING,RUNNING,2,9,7,10,13,0,0,0,0,0,8,8,9,1,RESTOCK,CONSUME,10,7,6,12,9
180,RUNNING,RUNNING,RUNNING,RUNNING,RUNNING,1,8,6,9,12,0,0,0,0,0,8,8,8,0,RESTOCK,FREE,10,7,6,12,8
181,IDLE,RUNNING,RUNNING,RUNNING,RUNNING,0,7,5,8,11,1,0,0,0,0,9,8,7,0,RESTOCK,FREE,10,7,6,12,7
182,IDLE,RUNNING,RUNNING,RUNNING,RUNNING,0,6,4,7,10,1,0,0,0,0,9,8,6,0,RESTOCK,FREE,10,7,6,12,6
183,IDLE,RUNNING,RUNNING,RUNNING,RUNNING,0,5,3,6,9,1,0,0,0,0,9,8,5,0,RESTOCK,FREE,10,7,6,12,5
184,IDLE,RUNNING,RUNNING,RUNNING,RUNNING,0,4,2,5,8,1,0,0,0,0,9,8,4,0,RESTOCK,FREE,10,7,6,12,4
185,SETUP,RUNNING,RUNNING,RUNNING,RUNNING,5,3,1,4,7,0,0,0,0,0,9,8,3,0,RESTOCK,FREE,10,7,6,12,3
186,SETUP,RUNNING,RUNNING,RUNNING,RUNNING,4,2,15,3,6,0,0,0,0,0,9,8,2,3,RESTOCK,CONSUME,10,7,6,11,2
187,SETUP,RUNNING,RUNNING,RUNNING,RUNNING,3,1,14,2,5,0,0,0,0,0,9,7,1,2,RESTOCK,CONSUME,10,7,6,11,1
188,SETUP,SETUP,RUNNING,RUNNING,RUNNING,2,5,13,1,4,0,0,0,0,0,9,7,0,1,FREE,CONSUME,15,7,6,11,0
189,SETUP,SETUP,RUNNING,IDLE,RUNNING,1,4,12,0,3,0,0,0,1,0,9,8,0,0,FREE,FREE,15,7,6,11,0
190,SETUP,SETUP,RUNNING,IDLE,RUNNING,5,3,11,0,2,0,0,0,1,0,9,8,0,0,FREE,FREE,15,7,6,11,0
191,SETUP,SETUP,RUNNING,IDLE,RUNNING,4,2,10,0,1,0,0,0,1,0,9,8,0,0,FREE,FREE,15,7,6,11,0
192,SETUP,SETUP,RUNNING,IDLE,RUNNING,3,1,9,0,15,0,0,0,1,0,9,9,0,3,FREE,CONSUME,15,7,6,10,0
193,SETUP,RUNNING,RUNNING,IDLE,RUNNING,2,17,8,0,14,0,0,0,1,0,9,9,3,2,CONSUME,CONSUME,15,6,6,10,0
194,SETUP,RUNNING,RUNNING,IDLE,RUNNING,1,16,7,0,13,0,0,0,1,0,8,9,2,1,CONSUME,CONSUME,15,6,6,10,0
195,IDLE,RUNNING,RUNNING,IDLE,RUNNING,0,15,6,0,12,1,0,0,1,0,8,8,1,15,CONSUME,RESTOCK,15,6,6,10,15
196,RUNNING,RUNNING,RUNNING,IDLE,RUNNING,15,14,5,0,11,0,0,0,1,0,8,8,3,14,CONSUME,RESTOCK,14,6,6,10,14
197,RUNNING,RUNNING,RUNNING,IDLE,RUNNING,14,13,4,0,10,0,0,0,1,0,8,8,2,13,CONSUME,RESTOCK,14,6,6,10,13
198,RUNNING,RUNNING,RUNNING,IDLE,RUNNING,13,12,3,0,9,0,0,0,1,0,8,8,1,12,CONSUME,RESTOCK,14,6,6,10,12
199,RUNNING,RUNNING,RUNNING,IDLE,RUNNING,12,11,2,0,8,0,0,0,1,0,8,8,0,11,FREE,RESTOCK,14,6,6,10,11
200,RUNNING,RUNNING,RUNNING,IDLE,RUNNING,11,10,1,0,7,0,0,0,1,0,8,8,0,10,FREE,RESTOCK,14,6,6,10,10
201,RUNNING,RUNNING,IDLE,IDLE,RUNNING,10,9,0,0,6,0,0,1,1,0,8,9,0,9,FREE,RESTOCK,14,6,6,10,9
202,RUNNING,RUNNING,IDLE,IDLE,RUNNING,9,8,0,0,5,0,0,1,1,0,7,8,0,8,FREE,RESTOCK,14,6,6,10,8
203,RUNNING,RUNNING,IDLE,IDLE,RUNNING,8,7,0,0,4,0,0,1,1,0,7,8,0,7,FREE,RESTOCK,14,6,6,10,7
204,RUNNING,RUNNING,IDLE,IDLE,RUNNING,7,6,0,0,3,0,0,1,1,0,7,8,0,6,FREE,RESTOCK,14,6,6,10,6
205,RUNNING,RUNNING,IDLE,IDLE,RUNNING,6,5,0,0,2,0,0,1,1,0,7,8,0,5,FREE,RESTOCK,14,6,6,10,5
206,RUNNING,RUNNING,IDLE,IDLE,RUNNING,5,4,0,0,1,0,0,1,1,0,7,8,0,4,FREE,RESTOCK,14,6,6,10,4
207,RUNNING,RUNNING,IDLE,IDLE,IDLE,4,3,0,0,0,0,0,1,1,1,7,9,0,3,FREE,RESTOCK,14,6,6,10,3
208,RUNNING,RUNNING,IDLE,IDLE,IDLE,3,2,0,0,0,0,0,1,1,1,7,9,0,2,FREE,RESTOCK,14,6,6,10,2
209,RUNNING,RUNNING,IDLE,IDLE,IDLE,2,1,0,0,0,0,0,1,1,1,7,9,0,1,FREE,RESTOCK,14,6,6,10,1
210,RUNNING,SETUP,RUNNING,IDLE,IDLE,1,5,15,0,0,0,0,0,1,1,6,8,0,3,FREE,CONSUME,14,6,6,14,0
211,SETUP,SETUP,RUNNING,IDLE,IDLE,5,4,14,0,0,0,0,0,1,1,7,8,0,2,FREE,CONSUME,14,6,6,14,0
212,SETUP,SETUP,RUNNING,IDLE,IDLE,4,3,13,0,0,0,0,0,1,1,7,8,0,1,FREE,CONSUME,14,6,6,14,0
213,SETUP,SETUP,RUNNING,IDLE,RUNNING,3,2,12,0,15,0,0,0,1,0,7,8,0,3,FREE,CONSUME,14,6,6,13,0
214,SETUP,SETUP,RUNNING,IDLE,RUNNING,2,1,11,0,14,0,0,0,1,0,7,8,0,2,FREE,CONSUME,14,6,6,13,0
215,SETUP,RUNNING,RUNNING,IDLE,RUNNING,1,18,10,0,13,0,0,0,1,0,7,8,3,1,CONSUME,CONSUME,14,6,5,13,0
216,IDLE,RUNNING,RUNNING,IDLE,RUNNING,0,17,9,0,12,1,0,0,1,0,7,8,2,0,CONSUME,FREE,14,6,5,13,0
217,IDLE,RUNNING,RUNNING,IDLE,RUNNING,0,16,8,0,11,1,0,0,1,0,7,8,1,0,CONSUME,FREE,14,6,5,13,0
218,RUNNING,RUNNING,RUNNING,IDLE,RUNNING,17,15,7,0,10,0,0,0,1,0,6,7,3,0,CONSUME,FREE,14,5,5,13,0
219,RUNNING,RUNNING,RUNNING,IDLE,RUNNING,16,14,6,0,9,0,0,0,1,0,6,7,2,0,CONSUME,FREE,14,5,5,13,0
220,RUNNING,RUNNING,RUNNING,IDLE,RUNNING,15,13,5,0,8,0,0,0,1,0,6,7,1,0,CONSUME,FREE,14,5,5,13,0
221,RUNNING,RUNNING,RUNNING,IDLE,RUNNING,14,12,4,0,7,0,0,0,1,0,6,7,0,0,FREE,FREE,14,5,5,13,0
222,RUNNING,RUNNING,RUNNING,IDLE,RUNNING,13,11,3,0,6,0,0,0,1,0,6,7,0,0,FREE,FREE,14,5,5,13,0
223,RUNNING,RUNNING,RUNNING,IDLE,RUNNING,12,10,2,0,5,0,0,0,1,0,6,7,0,0,FREE,FREE,14,5,5,13,0
224,RUNNING,RUNNING,RUNNING,IDLE,RUNNING,11,9,1,0,4,0,0,0,1,0,6,7,0,0,FREE,FREE,14,5,5,13,0
225,RUNNING,RUNNING,RUNNING,IDLE,RUNNING,10,8,15,0,3,0,0,0,1,0,7,7,0,3,FREE,CONSUME,14,5,5,12,0
226,RUNNING,RUNNING,RUNNING,IDLE,RUNNING,9,7,14,0,2,0,0,0,1,0,6,6,0,2,FREE,CONSUME,14,5,5,12,0
227,RUNNING,RUNNING,RUNNING,IDLE,RUNNING,8,6,13,0,1,0,0,0,1,0,6,6,0,1,FREE,CONSUME,14,5,5,12,0
228,RUNNING,RUNNING,RUNNING,IDLE,RUNNING,7,5,12,0,15,0,0,0,1,0,6,7,0,3,FREE,CONSUME,14,5,5,11,0
229,RUNNING,RUNNING,RUNNING,IDLE,RUNNING,6,4,11,0,14,0,0,0,1,0,6,7,0,2,FREE,CONSUME,14,5,5,11,0
230,RUNNING,RUNNING,RUNNING,IDLE,RUNNING,5,3,10,0,13,0,0,0,1,0,6,7,0,1,FREE,CONSUME,14,5,5,11,0
231,RUNNING,RUNNING,RUNNING,RUNNING,RUNNING,4,2,9,15,12,0,0,0,0,0,6,7,0,3,FREE,CONSUME,14,5,5,10,0
232,RUNNING,RUNNING,RUNNING,RUNNING,RUNNING,3,1,8,14,11,0,0,0,0,0,6,7,0,2,FREE,CONSUME,14,5,5,10,0
233,RUNNING,SETUP,RUNNING,RUNNING,RUNNING,2,5,7,13,10,0,0,0,0,0,6,7,0,1,FREE,CONSUME,14,5,5,10,0
234,RUNNING,SETUP,RUNNING,RUNNING,RUNNING,1,4,6,12,9,0,0,0,0,0,5,6,0,15,FREE,RESTOCK,14,5,5,10,15
235,SETUP,SETUP,RUNNING,RUNNING,RUNNING,5,3,5,11,8,0,0,0,0,0,5,6,0,14,FREE,RESTOCK,14,5,5,10,14
236,SETUP,SETUP,RUNNING,RUNNING,RUNNING,4,2,4,10,7,0,0,0,0,0,5,6,0,13,FREE,RESTOCK,14,5,5,10,13
237,SETUP,SETUP,RUNNING,RUNNING,RUNNING,3,1,3,9,6,0,0,0,0,0,5,6,0,12,FREE,RESTOCK,14,5,5,10,12
238,SETUP,RUNNING,RUNNING,RUNNING,RUNNING,2,15,2,8,5,0,0,0,0,0,5,6,3,11,CONSUME,RESTOCK,13,5,5,10,11
239,SETUP,RUNNING,RUNNING,RUNNING,RUNNING,1,14,1,7,4,0,0,0,0,0,5,6,2,10,CONSUME,RESTOCK,13,5,5,10,10
240,IDLE,RUNNING,IDLE,RUNNING,RUNNING,0,13,0,6,3,1,0,1,0,0,6,6,1,9,CONSUME,RESTOCK,13,5,5,10,9
241,RUNNING,RUNNING,IDLE,RUNNING,RUNNING,15,12,0,5,2,0,0,1,0,0,6,5,3,8,CONSUME,RESTOCK,12,5,5,10,8
242,RUNNING,RUNNING,IDLE,RUNNING,RUNNING,14,11,0,4,1,0,0,1,0,0,6,5,2,7,CONSUME,RESTOCK,12,5,5,10,7
243,RUNNING,RUNNING,IDLE,RUNNING,IDLE,13,10,0,3,0,0,0,1,0,1,5,6,1,6,CONSUME,RESTOCK,12,5,5,10,6
244,RUNNING,RUNNING,IDLE,RUNNING,IDLE,12,9,0,2,0,0,0,1,0,1,5,6,0,5,FREE,RESTOCK,12,5,5,10,5
245,RUNNING,RUNNING,IDLE,RUNNING,IDLE,11,8,0,1,0,0,0,1,0,1,5,6,0,4,FREE,RESTOCK,12,5,5,10,4
246,RUNNING,RUNNING,IDLE,IDLE,IDLE,10,7,0,0,0,0,0,1,1,1,5,7,0,3,FREE,RESTOCK,12,5,5,10,3
247,RUNNING,RUNNING,IDLE,IDLE,IDLE,9,6,0,0,0,0,0,1,1,1,5,7,0,2,FREE,RESTOCK,12,5,5,10,2
248,RUNNING,RUNNING,IDLE,IDLE,IDLE,8,5,0,0,0,0,0,1,1,1,5,7,0,1,FREE,RESTOCK,12,5,5,10,1
249,RUNNING,RUNNING,RUNNING,IDLE,IDLE,7,4,15,0,0,0,0,0,1,1,5,6,0,3,FREE,CONSUME,12,5,5,14,0
250,RUNNING,RUNNING,RUNNING,IDLE,IDLE,6,3,14,0,0,0,0,0,1,1,5,6,0,2,FREE,CONSUME,12,5,5,14,0
251,RUNNING,RUNNING,RUNNING,IDLE,IDLE,5,2,13,0,0,0,0,0,1,1,4,6,0,1,FREE,CONSUME,12,5,5,14,0
252,RUNNING,RUNNING,RUNNING,RUNNING,IDLE,4,1,12,15,0,0,0,0,0,1,4,6,0,3,FREE,CONSUME,12,5,5,13,0
253,RUNNING,RUNNING,RUNNING,RUNNING,IDLE,3,15,11,14,0,0,0,0,0,1,5,6,3,2,CONSUME,CONSUME,11,5,5,13,0
254,RUNNING,RUNNING,RUNNING,RUNNING,IDLE,2,14,10,13,0,0,0,0,0,1,5,6,2,1,CONSUME,CONSUME,11,5,5,13,0
255,RUNNING,RUNNING,RUNNING,RUNNING,RUNNING,1,13,9,12,15,0,0,0,0,0,5,6,1,3,CONSUME,CONSUME,11,5,5,12,0
256,RUNNING,RUNNING,RUNNING,RUNNING,RUNNING,15,12,8,11,14,0,0,0,0,0,6,6,3,2,CONSUME,CONSUME,10,5,5,12,0
257,RUNNING,RUNNING,RUNNING,RUNNING,RUNNING,14,11,7,10,13,0,0,0,0,0,6,5,2,1,CONSUME,CONSUME,10,5,5,12,0
258,RUNNING,RUNNING,RUNNING,RUNNING,RUNNING,13,10,6,9,12,0,0,0,0,0,6,5,1,0,CONSUME,FREE,10,5,5,12,0
259,RUNNING,RUNNING,RUNNING,RUNNING,RUNNING,12,9,5,8,11,0,0,0,0,0,5,5,15,0,RESTOCK,FREE,10,5,5,12,15
260,RUNNING,RUNNING,RUNNING,RUNNING,RUNNING,11,8,4,7,10,0,0,0,0,0,5,5,14,0,RESTOCK,FREE,10,5,5,12,14
261,RUNNING,RUNNING,RUNNING,RUNNING,RUNNING,10,7,3,6,9,0,0,0,0,0,5,5,13,0,RESTOCK,FREE,10,5,5,12,13
262,RUNNING,RUNNING,RUNNING,RUNNING,RUNNING,9,6,2,5,8,0,0,0,0,0,5,5,12,0,RESTOCK,FREE,10,5,5,12,12
263,RUNNING,RUNNING,RUNNING,RUNNING,RUNNING,8,5,1,4,7,0,0,0,0,0,5,5,11,0,RESTOCK,FREE,10,5,5,12,11
264,RUNNING,RUNNING,RUNNING,RUNNING,RUNNING,7,4,15,3,6,0,0,0,0,0,6,5,10,3,RESTOCK,CONSUME,10,5,5,11,10
265,RUNNING,RUNNING,RUNNING,RUNNING,RUNNING,6,3,14,2,5,0,0,0,0,0,6,4,9,2,RESTOCK,CONSUME,10,5,5,11,9
266,RUNNING,RUNNING,RUNNING,RUNNING,RUNNING,5,2,13,1,4,0,0,0,0,0,6,4,8,1,RESTOCK,CONSUME,10,5,5,11,8
267,RUNNING,RUNNING,RUNNING,RUNNING,RUNNING,4,1,12,15,3,0,0,0,0,0,5,5,7,3,RESTOCK,CONSUME,10,5,5,10,7
268,RUNNING,IDLE,RUNNING,RUNNING,RUNNING,3,0,11,14,2,0,1,0,0,0,6,5,6,2,RESTOCK,CONSUME,10,5,5,10,6
269,RUNNING,IDLE,RUNNING,RUNNING,RUNNING,2,0,10,13,1,0,1,0,0,0,6,5,5,1,RESTOCK,CONSUME,10,5,5,10,5
270,RUNNING,IDLE,RUNNING,RUNNING,RUNNING,1,0,9,12,15,0,1,0,0,0,6,6,4,3,RESTOCK,CONSUME,10,5,5,9,4
271,IDLE,IDLE,RUNNING,RUNNING,RUNNING,0,0,8,11,14,1,1,0,0,0,7,6,3,2,RESTOCK,CONSUME,10,5,5,9,3
272,IDLE,IDLE,RUNNING,RUNNING,RUNNING,0,0,7,10,13,1,1,0,0,0,7,6,2,1,RESTOCK,CONSUME,10,5,5,9,2
273,IDLE,IDLE,RUNNING,RUNNING,RUNNING,0,0,6,9,12,1,1,0,0,0,7,5,1,0,RESTOCK,FREE,10,5,5,9,1
274,RUNNING,IDLE,RUNNING,RUNNING,RUNNING,15,0,5,8,11,0,1,0,0,0,7,5,3,15,CONSUME,RESTOCK,14,5,5,9,15
275,RUNNING,IDLE,RUNNING,RUNNING,RUNNING,14,0,4,7,10,0,1,0,0,0,6,5,2,14,CONSUME,RESTOCK,14,5,5,9,14
276,RUNNING,IDLE,RUNNING,RUNNING,RUNNING,13,0,3,6,9,0,1,0,0,0,6,5,1,13,CONSUME,RESTOCK,14,5,5,9,13
277,RUNNING,RUNNING,RUNNING,RUNNING,RUNNING,12,15,2,5,8,0,0,0,0,0,6,5,3,12,CONSUME,RESTOCK,13,5,5,9,12
278,RUNNING,RUNNING,RUNNING,RUNNING,RUNNING,11,14,1,4,7,0,0,0,0,0,6,5,2,11,CONSUME,RESTOCK,13,5,5,9,11
279,RUNNING,RUNNING,IDLE,RUNNING,RUNNING,10,13,0,3,6,0,0,1,0,0,6,6,1,10,CONSUME,RESTOCK,13,5,5,9,10
280,RUNNING,RUNNING,IDLE,RUNNING,RUNNING,9,12,0,2,5,0,0,1,0,0,6,5,0,9,FREE,RESTOCK,13,5,5,9,9
281,RUNNING,RUNNING,IDLE,RUNNING,RUNNING,8,11,0,1,4,0,0,1,0,0,6,5,0,8,FREE,RESTOCK,13,5,5,9,8
282,RUNNING,RUNNING,IDLE,IDLE,RUNNING,7,10,0,0,3,0,0,1,1,0,6,6,0,7,FREE,RESTOCK,13,5,5,9,7
283,RUNNING,RUNNING,IDLE,IDLE,RUNNING,6,9,0,0,2,0,0,1,1,0,5,6,0,6,FREE,RESTOCK,13,5,5,9,6
284,RUNNING,RUNNING,IDLE,IDLE,RUNNING,5,8,0,0,1,0,0,1,1,0,5,6,0,5,FREE,RESTOCK,13,5,5,9,5
285,RUNNING,RUNNING,IDLE,IDLE,IDLE,4,7,0,0,0,0,0,1,1,1,5,7,0,4,FREE,RESTOCK,13,5,5,9,4
286,RUNNING,RUNNING,IDLE,IDLE,IDLE,3,6,0,0,0,0,0,1,1,1,5,7,0,3,FREE,RESTOCK,13,5,5,9,3
287,RUNNING,RUNNING,IDLE,IDLE,IDLE,2,5,0,0,0,0,0,1,1,1,5,7,0,2,FREE,RESTOCK,13,5,5,9,2
288,RUNNING,RUNNING,IDLE,IDLE,IDLE,1,4,0,0,0,0,0,1,1,1,5,6,0,1,FREE,RESTOCK,13,5,5,9,1
289,RUNNING,RUNNING,RUNNING,IDLE,IDLE,15,3,15,0,0,0,0,0,1,1,6,6,3,3,CONSUME,CONSUME,12,5,5,13,0
290,RUNNING,RUNNING,RUNNING,IDLE,IDLE,14,2,14,0,0,0,0,0,1,1,6,6,2,2,CONSUME,CONSUME,12,5,5,13,0
291,RUNNING,RUNNING,RUNNING,IDLE,IDLE,13,1,13,0,0,0,0,0,1,1,5,6,1,1,CONSUME,CONSUME,12,5,5,13,0
292,RUNNING,RUNNING,RUNNING,RUNNING,IDLE,12,15,12,15,0,0,0,0,0,1,6,6,3,3,CONSUME,CONSUME,11,5,5,12,0
293,RUNNING,RUNNING,RUNNING,RUNNING,IDLE,11,14,11,14,0,0,0,0,0,1,6,6,2,2,CONSUME,CONSUME,11,5,5,12,0
294,RUNNING,RUNNING,RUNNING,RUNNING,IDLE,10,13,10,13,0,0,0,0,0,1,6,6,1,1,CONSUME,CONSUME,11,5,5,12,0
295,RUNNING,RUNNING,RUNNING,RUNNING,RUNNING,9,12,9,12,15,0,0,0,0,0,6,6,0,3,FREE,CONSUME,11,5,5,11,0
296,RUNNING,RUNNING,RUNNING,RUNNING,RUNNING,8,11,8,11,14,0,0,0,0,0,6,5,0,2,FREE,CONSUME,11,5,5,11,0
297,RUNNING,RUNNING,RUNNING,RUNNING,RUNNING,7,10,7,10,13,0,0,0,0,0,6,5,0,1,FREE,CONSUME,11,5,5,11,0
298,RUNNING,RUNNING,RUNNING,RUNNING,RUNNING,6,9,6,9,12,0,0,0,0,0,6,5,0,0,FREE,FREE,11,5,5,11,0
299,RUNNING,RUNNING,RUNNING,RUNNING,RUNNING,5,8,5,8,11,0,0,0,0,0,5,5,0,0,FREE,FREE,11,5,5,11,0
300,RUNNING,RUNNING,RUNNING,RUNNING,RUNNING,4,7,4,7,10,0,0,0,0,0,5,5,0,0,FREE,FREE,11,5,5,11,0
301,RUNNING,RUNNING,RUNNING,RUNNING,RUNNING,3,6,3,6,9,0,0,0,0,0,5,5,0,0,FREE,FREE,11,5,5,11,0
302,RUNNING,RUNNING,RUNNING,RUNNING,RUNNING,2,5,2,5,8,0,0,0,0,0,5,5,0,0,FREE,FREE,11,5,5,11,0
303,RUNNING,RUNNING,RUNNING,RUNNING,RUNNING,1,4,1,4,7,0,0,0,0,0,5,5,0,0,FREE,FREE,11,5,5,11,0
304,RUNNING,RUNNING,RUNNING,RUNNING,RUNNING,15,3,15,3,6,0,0,0,0,0,7,4,3,3,CONSUME,CONSUME,10,5,5,10,0
305,RUNNING,RUNNING,RUNNING,RUNNING,RUNNING,14,2,14,2,5,0,0,0,0,0,7,4,2,2,CONSUME,CONSUME,10,5,5,10,0
306,RUNNING,RUNNING,RUNNING,RUNNING,RUNNING,13,1,13,1,4,0,0,0,0,0,7,4,1,1,CONSUME,CONSUME,10,5,5,10,0
307,RUNNING,IDLE,RUNNING,RUNNING,RUNNING,12,0,12,15,3,0,1,0,0,0,7,5,15,3,RESTOCK,CONSUME,10,5,5,9,15
308,RUNNING,IDLE,RUNNING,RUNNING,RUNNING,11,0,11,14,2,0,1,0,0,0,7,5,14,2,RESTOCK,CONSUME,10,5,5,9,14
309,RUNNING,IDLE,RUNNING,RUNNING,RUNNING,10,0,10,13,1,0,1,0,0,0,7,5,13,1,RESTOCK,CONSUME,10,5,5,9,13
310,RUNNING,IDLE,RUNNING,RUNNING,RUNNING,9,0,9,12,15,0,1,0,0,0,7,6,12,3,RESTOCK,CONSUME,10,5,5,8,12
311,RUNNING,IDLE,RUNNING,RUNNING,RUNNING,8,0,8,11,14,0,1,0,0,0,7,6,11,2,RESTOCK,CONSUME,10,5,5,8,11
312,DOWN,IDLE,RUNNING,RUNNING,RUNNING,2,0,7,10,13,0,1,0,0,0,7,5,10,1,RESTOCK,CONSUME,10,5,5,8,10
313,DOWN,IDLE,RUNNING,RUNNING,RUNNING,1,0,6,9,12,0,1,0,0,0,7,5,9,0,RESTOCK,FREE,10,5,5,8,9
314,IDLE,IDLE,RUNNING,RUNNING,RUNNING,0,0,5,8,11,1,1,0,0,0,7,5,8,0,RESTOCK,FREE,10,5,5,8,8
315,IDLE,IDLE,RUNNING,RUNNING,RUNNING,0,0,4,7,10,1,1,0,0,0,6,5,7,0,RESTOCK,FREE,10,5,5,8,7
316,IDLE,IDLE,RUNNING,RUNNING,RUNNING,0,0,3,6,9,1,1,0,0,0,6,5,6,0,RESTOCK,FREE,10,5,5,8,6
317,IDLE,IDLE,RUNNING,RUNNING,RUNNING,0,0,2,5,8,1,1,0,0,0,6,5,5,0,RESTOCK,FREE,10,5,5,8,5
318,IDLE,IDLE,RUNNING,RUNNING,RUNNING,0,0,1,4,7,1,1,0,0,0,6,5,4,0,RESTOCK,FREE,10,5,5,8,4
319,IDLE,IDLE,RUNNING,RUNNING,RUNNING,0,0,15,3,6,1,1,0,0,0,6,5,3,3,RESTOCK,CONSUME,10,5,5,7,3
320,IDLE,IDLE,RUNNING,RUNNING,RUNNING,0,0,14,2,5,1,1,0,0,0,6,5,2,2,RESTOCK,CONSUME,10,5,5,7,2
321,IDLE,IDLE,RUNNING,RUNNING,RUNNING,0,0,13,1,4,1,1,0,0,0,6,5,1,1,RESTOCK,CONSUME,10,5,5,7,1
322,RUNNING,IDLE,RUNNING,IDLE,RUNNING,15,0,12,0,3,0,1,0,1,0,6,6,3,15,CONSUME,RESTOCK,14,5,5,7,15
323,RUNNING,IDLE,RUNNING,IDLE,RUNNING,14,0,11,0,2,0,1,0,1,0,6,6,2,14,CONSUME,RESTOCK,14,5,5,7,14
324,RUNNING,IDLE,RUNNING,IDLE,RUNNING,13,0,10,0,1,0,1,0,1,0,5,6,1,13,CONSUME,RESTOCK,14,5,5,7,13
325,RUNNING,RUNNING,RUNNING,IDLE,IDLE,12,15,9,0,0,0,0,0,1,1,5,7,3,12,CONSUME,RESTOCK,13,5,5,7,12
326,RUNNING,RUNNING,RUNNING,IDLE,IDLE,11,14,8,0,0,0,0,0,1,1,5,7,2,11,CONSUME,RESTOCK,13,5,5,7,11
327,RUNNING,RUNNING,RUNNING,IDLE,IDLE,10,13,7,0,0,0,0,0,1,1,5,6,1,10,CONSUME,RESTOCK,13,5,5,7,10
328,RUNNING,RUNNING,RUNNING,IDLE,IDLE,9,12,6,0,0,0,0,0,1,1,5,6,0,9,FREE,RESTOCK,13,5,5,7,9
329,RUNNING,RUNNING,RUNNING,IDLE,IDLE,8,11,5,0,0,0,0,0,1,1,5,6,0,8,FREE,RESTOCK,13,5,5,7,8
330,RUNNING,RUNNING,RUNNING,IDLE,IDLE,7,10,4,0,0,0,0,0,1,1,5,6,0,7,FREE,RESTOCK,13,5,5,7,7
331,RUNNING,RUNNING,RUNNING,IDLE,IDLE,6,9,3,0,0,0,0,0,1,1,5,6,0,6,FREE,RESTOCK,13,5,5,7,6
332,RUNNING,RUNNING,RUNNING,IDLE,IDLE,5,8,2,0,0,0,0,0,1,1,4,6,0,5,FREE,RESTOCK,13,5,5,7,5
333,RUNNING,RUNNING,RUNNING,IDLE,IDLE,4,7,1,0,0,0,0,0,1,1,4,6,0,4,FREE,RESTOCK,13,5,5,7,4
334,RUNNING,RUNNING,IDLE,IDLE,IDLE,3,6,0,0,0,0,0,1,1,1,4,7,0,3,FREE,RESTOCK,13,5,5,7,3
335,RUNNING,RUNNING,IDLE,IDLE,IDLE,2,5,0,0,0,0,0,1,1,1,4,6,0,2,FREE,RESTOCK,13,5,5,7,2
336,RUNNING,RUNNING,IDLE,IDLE,IDLE,1,4,0,0,0,0,0,1,1,1,4,6,0,1,FREE,RESTOCK,13,5,5,7,1
337,RUNNING,RUNNING,RUNNING,IDLE,IDLE,15,3,15,0,0,0,0,0,1,1,5,6,3,3,CONSUME,CONSUME,12,5,5,11,0
338,RUNNING,RUNNING,RUNNING,IDLE,IDLE,14,2,14,0,0,0,0,0,1,1,5,6,2,2,CONSUME,CONSUME,12,5,5,11,0
339,RUNNING,RUNNING,RUNNING,IDLE,IDLE,13,1,13,0,0,0,0,0,1,1,5,6,1,1,CONSUME,CONSUME,12,5,5,11,0
340,RUNNING,RUNNING,RUNNING,RUNNING,IDLE,12,15,12,15,0,0,0,0,0,1,5,6,3,3,CONSUME,CONSUME,11,5,5,10,0
341,RUNNING,RUNNING,RUNNING,RUNNING,IDLE,11,14,11,14,0,0,0,0,0,1,5,6,2,2,CONSUME,CONSUME,11,5,5,10,0
342,RUNNING,RUNNING,RUNNING,RUNNING,IDLE,10,13,10,13,0,0,0,0,0,1,5,6,1,1,CONSUME,CONSUME,11,5,5,10,0
343,RUNNING,RUNNING,RUNNING,RUNNING,IDLE,9,12,9,12,0,0,0,0,0,1,5,5,0,15,FREE,RESTOCK,11,5,5,10,15
344,RUNNING,RUNNING,RUNNING,RUNNING,IDLE,8,11,8,11,0,0,0,0,0,1,5,5,0,14,FREE,RESTOCK,11,5,5,10,14
345,RUNNING,RUNNING,RUNNING,RUNNING,IDLE,7,10,7,10,0,0,0,0,0,1,5,5,0,13,FREE,RESTOCK,11,5,5,10,13
346,RUNNING,RUNNING,RUNNING,RUNNING,IDLE,6,9,6,9,0,0,0,0,0,1,5,5,0,12,FREE,RESTOCK,11,5,5,10,12
347,RUNNING,RUNNING,RUNNING,RUNNING,IDLE,5,8,5,8,0,0,0,0,0,1,5,5,0,11,FREE,RESTOCK,11,5,5,10,11
348,RUNNING,RUNNING,RUNNING,RUNNING,IDLE,4,7,4,7,0,0,0,0,0,1,4,5,0,10,FREE,RESTOCK,11,5,5,10,10
349,RUNNING,RUNNING,RUNNING,RUNNING,IDLE,3,6,3,6,0,0,0,0,0,1,4,5,0,9,FREE,RESTOCK,11,5,5,10,9
350,RUNNING,RUNNING,RUNNING,RUNNING,IDLE,2,5,2,5,0,0,0,0,0,1,4,5,0,8,FREE,RESTOCK,11,5,5,10,8
351,RUNNING,RUNNING,RUNNING,RUNNING,IDLE,1,4,1,4,0,0,0,0,0,1,4,4,0,7,FREE,RESTOCK,11,5,5,10,7
352,RUNNING,RUNNING,IDLE,RUNNING,IDLE,15,3,0,3,0,0,0,1,0,1,6,4,3,6,CONSUME,RESTOCK,10,5,5,10,6
353,RUNNING,RUNNING,IDLE,RUNNING,IDLE,14,2,0,2,0,0,0,1,0,1,6,4,2,5,CONSUME,RESTOCK,10,5,5,10,5
354,RUNNING,RUNNING,IDLE,RUNNING,IDLE,13,1,0,1,0,0,0,1,0,1,6,4,1,4,CONSUME,RESTOCK,10,5,5,10,4
355,RUNNING,RUNNING,IDLE,IDLE,IDLE,12,15,0,0,0,0,0,1,1,1,7,5,3,3,CONSUME,RESTOCK,9,5,5,10,3
356,RUNNING,RUNNING,IDLE,IDLE,IDLE,11,14,0,0,0,0,0,1,1,1,6,5,2,2,CONSUME,RESTOCK,9,5,5,10,2
357,RUNNING,RUNNING,IDLE,IDLE,IDLE,10,13,0,0,0,0,0,1,1,1,6,5,1,1,CONSUME,RESTOCK,9,5,5,10,1
358,RUNNING,RUNNING,RUNNING,IDLE,IDLE,9,12,15,0,0,0,0,0,1,1,6,4,15,3,RESTOCK,CONSUME,9,5,5,14,15
359,RUNNING,RUNNING,RUNNING,IDLE,IDLE,8,11,14,0,0,0,0,0,1,1,6,4,14,2,RESTOCK,CONSUME,9,5,5,14,14
360,RUNNING,RUNNING,RUNNING,IDLE,IDLE,7,10,13,0,0,0,0,0,1,1,6,4,13,1,RESTOCK,CONSUME,9,5,5,14,13
361,RUNNING,RUNNING,RUNNING,RUNNING,IDLE,6,9,12,15,0,0,0,0,0,1,6,4,12,3,RESTOCK,CONSUME,9,5,5,13,12
362,RUNNING,RUNNING,RUNNING,RUNNING,IDLE,5,8,11,14,0,0,0,0,0,1,6,4,11,2,RESTOCK,CONSUME,9,5,5,13,11
363,RUNNING,RUNNING,RUNNING,RUNNING,IDLE,4,7,10,13,0,0,0,0,0,1,6,4,10,1,RESTOCK,CONSUME,9,5,5,13,10
364,RUNNING,RUNNING,RUNNING,RUNNING,RUNNING,3,6,9,12,15,0,0,0,0,0,5,4,9,3,RESTOCK,CONSUME,9,5,5,12,9
365,RUNNING,RUNNING,RUNNING,RUNNING,RUNNING,2,5,8,11,14,0,0,0,0,0,5,4,8,2,RESTOCK,CONSUME,9,5,5,12,8
366,RUNNING,RUNNING,RUNNING,RUNNING,RUNNING,1,4,7,10,13,0,0,0,0,0,5,3,7,1,RESTOCK,CONSUME,9,5,5,12,7
367,IDLE,RUNNING,RUNNING,RUNNING,RUNNING,0,3,6,9,12,1,0,0,0,0,6,3,6,0,RESTOCK,FREE,9,5,5,12,6
368,IDLE,RUNNING,RUNNING,RUNNING,RUNNING,0,2,5,8,11,1,0,0,0,0,6,3,5,0,RESTOCK,FREE,9,5,5,12,5
369,IDLE,RUNNING,RUNNING,RUNNING,RUNNING,0,1,4,7,10,1,0,0,0,0,6,3,4,0,RESTOCK,FREE,9,5,5,12,4
370,IDLE,IDLE,RUNNING,RUNNING,RUNNING,0,0,3,6,9,1,1,0,0,0,7,3,3,0,RESTOCK,FREE,9,5,5,12,3
371,IDLE,IDLE,RUNNING,RUNNING,RUNNING,0,0,2,5,8,1,1,0,0,0,7,3,2,0,RESTOCK,FREE,9,5,5,12,2
372,IDLE,IDLE,RUNNING,RUNNING,RUNNING,0,0,1,4,7,1,1,0,0,0,6,3,1,0,RESTOCK,FREE,9,5,5,12,1
373,RUNNING,IDLE,RUNNING,RUNNING,RUNNING,15,0,15,3,6,0,1,0,0,0,6,4,3,3,CONSUME,CONSUME,13,5,5,11,0
374,RUNNING,IDLE,RUNNING,RUNNING,RUNNING,14,0,14,2,5,0,1,0,0,0,6,3,2,2,CONSUME,CONSUME,13,5,5,11,0
375,RUNNING,IDLE,RUNNING,RUNNING,RUNNING,13,0,13,1,4,0,1,0,0,0,6,3,1,1,CONSUME,CONSUME,13,5,5,11,0
376,RUNNING,RUNNING,RUNNING,RUNNING,RUNNING,12,15,12,15,3,0,0,0,0,0,6,4,3,3,CONSUME,CONSUME,12,5,5,10,0
377,RUNNING,RUNNING,RUNNING,RUNNING,RUNNING,11,14,11,14,2,0,0,0,0,0,6,4,2,2,CONSUME,CONSUME,12,5,5,10,0
378,RUNNING,RUNNING,RUNNING,RUNNING,RUNNING,10,13,10,13,1,0,0,0,0,0,6,4,1,1,CONSUME,CONSUME,12,5,5,10,0
379,RUNNING,RUNNING,RUNNING,RUNNING,IDLE,9,12,9,12,0,0,0,0,0,1,6,5,0,15,FREE,RESTOCK,12,5,5,10,15
380,RUNNING,RUNNING,RUNNING,RUNNING,IDLE,8,11,8,11,0,0,0,0,0,1,5,5,0,14,FREE,RESTOCK,12,5,5,10,14
381,RUNNING,RUNNING,RUNNING,RUNNING,IDLE,7,10,7,10,0,0,0,0,0,1,5,5,0,13,FREE,RESTOCK,12,5,5,10,13
382,RUNNING,RUNNING,RUNNING,RUNNING,IDLE,6,9,6,9,0,0,0,0,0,1,5,4,0,12,FREE,RESTOCK,12,5,5,10,12
383,RUNNING,RUNNING,RUNNING,RUNNING,IDLE,5,8,5,8,0,0,0,0,0,1,5,4,0,11,FREE,RESTOCK,12,5,5,10,11
384,RUNNING,RUNNING,RUNNING,RUNNING,IDLE,4,7,4,7,0,0,0,0,0,1,5,4,0,10,FREE,RESTOCK,12,5,5,10,10
385,RUNNING,RUNNING,RUNNING,RUNNING,IDLE,3,6,3,6,0,0,0,0,0,1,5,4,0,9,FREE,RESTOCK,12,5,5,10,9
386,RUNNING,RUNNING,RUNNING,RUNNING,IDLE,2,5,2,5,0,0,0,0,0,1,5,4,0,8,FREE,RESTOCK,12,5,5,10,8
387,RUNNING,RUNNING,RUNNING,RUNNING,IDLE,1,4,1,4,0,0,0,0,0,1,5,4,0,7,FREE,RESTOCK,12,5,5,10,7
388,RUNNING,RUNNING,IDLE,RUNNING,IDLE,15,3,0,3,0,0,0,1,0,1,5,5,3,6,CONSUME,RESTOCK,11,5,5,10,6
389,RUNNING,RUNNING,IDLE,RUNNING,IDLE,14,2,0,2,0,0,0,1,0,1,5,5,2,5,CONSUME,RESTOCK,11,5,5,10,5
390,RUNNING,RUNNING,IDLE,RUNNING,IDLE,13,1,0,1,0,0,0,1,0,1,5,4,1,4,CONSUME,RESTOCK,11,5,5,10,4
391,RUNNING,RUNNING,IDLE,IDLE,IDLE,12,15,0,0,0,0,0,1,1,1,6,5,3,3,CONSUME,RESTOCK,10,5,5,10,3
392,RUNNING,RUNNING,IDLE,IDLE,IDLE,11,14,0,0,0,0,0,1,1,1,6,5,2,2,CONSUME,RESTOCK,10,5,5,10,2
393,RUNNING,RUNNING,IDLE,IDLE,IDLE,10,13,0,0,0,0,0,1,1,1,6,5,1,1,CONSUME,RESTOCK,10,5,5,10,1
394,RUNNING,RUNNING,RUNNING,IDLE,IDLE,9,12,15,0,0,0,0,0,1,1,6,5,15,3,RESTOCK,CONSUME,10,5,5,14,15
395,RUNNING,RUNNING,RUNNING,IDLE,IDLE,8,11,14,0,0,0,0,0,1,1,6,5,14,2,RESTOCK,CONSUME,10,5,5,14,14
396,RUNNING,RUNNING,RUNNING,IDLE,IDLE,7,10,13,0,0,0,0,0,1,1,5,5,13,1,RESTOCK,CONSUME,10,5,5,14,13
397,RUNNING,RUNNING,RUNNING,RUNNING,IDLE,6,9,12,15,0,0,0,0,0,1,5,4,12,3,RESTOCK,CONSUME,10,5,5,13,12
398,RUNNING,RUNNING,RUNNING,RUNNING,IDLE,5,8,11,14,0,0,0,0,0,1,5,4,11,2,RESTOCK,CONSUME,10,5,5,13,11
399,RUNNING,RUNNING,RUNNING,RUNNING,IDLE,4,7,10,13,0,0,0,0,0,1,5,4,10,1,RESTOCK,CONSUME,10,5,5,13,10
400,RUNNING,RUNNING,RUNNING,RUNNING,RUNNING,3,6,9,12,15,0,0,0,0,0,5,4,9,3,RESTOCK,CONSUME,10,5,5,12,9
401,RUNNING,RUNNING,RUNNING,RUNNING,RUNNING,2,5,8,11,14,0,0,0,0,0,5,4,8,2,RESTOCK,CONSUME,10,5,5,12,8
402,RUNNING,RUNNING,RUNNING,RUNNING,RUNNING,1,4,7,10,13,0,0,0,0,0,5,4,7,1,RESTOCK,CONSUME,10,5,5,12,7
403,IDLE,RUNNING,RUNNING,RUNNING,RUNNING,0,3,6,9,12,1,0,0,0,0,6,4,6,0,RESTOCK,FREE,10,5,5,12,6
404,IDLE,RUNNING,RUNNING,RUNNING,RUNNING,0,2,5,8,11,1,0,0,0,0,6,4,5,0,RESTOCK,FREE,10,5,5,12,5
405,IDLE,RUNNING,RUNNING,RUNNING,RUNNING,0,1,4,7,10,1,0,0,0,0,5,3,4,0,RESTOCK,FREE,10,5,5,12,4
406,IDLE,IDLE,RUNNING,RUNNING,RUNNING,0,0,3,6,9,1,1,0,0,0,6,3,3,0,RESTOCK,FREE,10,5,5,12,3
407,IDLE,IDLE,RUNNING,RUNNING,RUNNING,0,0,2,5,8,1,1,0,0,0,6,3,2,0,RESTOCK,FREE,10,5,5,12,2
408,IDLE,IDLE,RUNNING,RUNNING,RUNNING,0,0,1,4,7,1,1,0,0,0,6,3,1,0,RESTOCK,FREE,10,5,5,12,1
409,RUNNING,IDLE,RUNNING,RUNNING,RUNNING,15,0,15,3,6,0,1,0,0,0,6,4,3,3,CONSUME,CONSUME,14,5,5,11,0
410,RUNNING,IDLE,RUNNING,RUNNING,RUNNING,14,0,14,2,5,0,1,0,0,0,6,4,2,2,CONSUME,CONSUME,14,5,5,11,0
411,RUNNING,IDLE,RUNNING,RUNNING,RUNNING,13,0,13,1,4,0,1,0,0,0,6,4,1,1,CONSUME,CONSUME,14,5,5,11,0
412,RUNNING,RUNNING,RUNNING,RUNNING,RUNNING,12,15,12,15,3,0,0,0,0,0,6,5,3,3,CONSUME,CONSUME,13,5,5,10,0
413,RUNNING,RUNNING,RUNNING,RUNNING,RUNNING,11,14,11,14,2,0,0,0,0,0,5,4,2,2,CONSUME,CONSUME,13,5,5,10,0
414,RUNNING,RUNNING,RUNNING,RUNNING,RUNNING,10,13,10,13,1,0,0,0,0,0,5,4,1,1,CONSUME,CONSUME,13,5,5,10,0
415,RUNNING,RUNNING,RUNNING,RUNNING,IDLE,9,12,9,12,0,0,0,0,0,1,5,5,0,15,FREE,RESTOCK,13,5,5,10,15
416,RUNNING,RUNNING,RUNNING,RUNNING,IDLE,8,11,8,11,0,0,0,0,0,1,5,5,0,14,FREE,RESTOCK,13,5,5,10,14
417,RUNNING,RUNNING,RUNNING,RUNNING,IDLE,7,10,7,10,0,0,0,0,0,1,5,5,0,13,FREE,RESTOCK,13,5,5,10,13
418,RUNNING,RUNNING,RUNNING,RUNNING,IDLE,6,9,6,9,0,0,0,0,0,1,5,5,0,12,FREE,RESTOCK,13,5,5,10,12
419,RUNNING,RUNNING,RUNNING,RUNNING,IDLE,5,8,5,8,0,0,0,0,0,1,5,5,0,11,FREE,RESTOCK,13,5,5,10,11
420,RUNNING,RUNNING,RUNNING,RUNNING,IDLE,4,7,4,7,0,0,0,0,0,1,5,5,0,10,FREE,RESTOCK,13,5,5,10,10
421,RUNNING,RUNNING,RUNNING,RUNNING,IDLE,3,6,3,6,0,0,0,0,0,1,4,4,0,9,FREE,RESTOCK,13,5,5,10,9
422,RUNNING,RUNNING,RUNNING,RUNNING,IDLE,2,5,2,5,0,0,0,0,0,1,4,4,0,8,FREE,RESTOCK,13,5,5,10,8
423,RUNNING,RUNNING,RUNNING,RUNNING,IDLE,1,4,1,4,0,0,0,0,0,1,4,4,0,7,FREE,RESTOCK,13,5,5,10,7
424,RUNNING,RUNNING,IDLE,RUNNING,IDLE,15,3,0,3,0,0,0,1,0,1,5,5,3,6,CONSUME,RESTOCK,12,5,5,10,6
425,RUNNING,RUNNING,IDLE,RUNNING,IDLE,14,2,0,2,0,0,0,1,0,1,5,5,2,5,CONSUME,RESTOCK,12,5,5,10,5
426,RUNNING,RUNNING,IDLE,RUNNING,IDLE,13,1,0,1,0,0,0,1,0,1,5,5,1,4,CONSUME,RESTOCK,12,5,5,10,4
427,RUNNING,RUNNING,IDLE,IDLE,IDLE,12,15,0,0,0,0,0,1,1,1,6,6,3,3,CONSUME,RESTOCK,11,5,5,10,3
428,RUNNING,RUNNING,IDLE,IDLE,IDLE,11,14,0,0,0,0,0,1,1,1,6,6,2,2,CONSUME,RESTOCK,11,5,5,10,2
429,RUNNING,RUNNING,IDLE,IDLE,IDLE,10,13,0,0,0,0,0,1,1,1,5,5,1,1,CONSUME,RESTOCK,11,5,5,10,1
430,RUNNING,RUNNING,RUNNING,IDLE,IDLE,9,12,15,0,0,0,0,0,1,1,5,5,0,3,FREE,CONSUME,11,5,5,14,0
431,RUNNING,RUNNING,RUNNING,IDLE,IDLE,8,11,14,0,0,0,0,0,1,1,5,5,0,2,FREE,CONSUME,11,5,5,14,0
432,RUNNING,RUNNING,RUNNING,IDLE,IDLE,7,10,13,0,0,0,0,0,1,1,5,5,0,1,FREE,CONSUME,11,5,5,14,0
433,RUNNING,RUNNING,RUNNING,RUNNING,IDLE,6,9,12,15,0,0,0,0,0,1,5,5,0,3,FREE,CONSUME,11,5,5,13,0
434,RUNNING,RUNNING,RUNNING,RUNNING,IDLE,5,8,11,14,0,0,0,0,0,1,5,5,0,2,FREE,CONSUME,11,5,5,13,0
435,RUNNING,RUNNING,RUNNING,RUNNING,IDLE,4,7,10,13,0,0,0,0,0,1,5,5,0,1,FREE,CONSUME,11,5,5,13,0
436,RUNNING,RUNNING,RUNNING,RUNNING,RUNNING,3,6,9,12,15,0,0,0,0,0,5,4,0,3,FREE,CONSUME,11,5,5,12,0
437,RUNNING,RUNNING,RUNNING,RUNNING,RUNNING,2,5,8,11,14,0,0,0,0,0,4,4,0,2,FREE,CONSUME,11,5,5,12,0
438,RUNNING,RUNNING,RUNNING,RUNNING,RUNNING,1,4,7,10,13,0,0,0,0,0,4,4,0,1,FREE,CONSUME,11,5,5,12,0
439,RUNNING,RUNNING,RUNNING,RUNNING,RUNNING,15,3,6,9,12,0,0,0,0,0,5,4,3,0,CONSUME,FREE,10,5,5,12,0
440,RUNNING,RUNNING,RUNNING,RUNNING,RUNNING,14,2,5,8,11,0,0,0,0,0,5,4,2,0,CONSUME,FREE,10,5,5,12,0
441,RUNNING,RUNNING,RUNNING,RUNNING,RUNNING,13,1,4,7,10,0,0,0,0,0,5,4,1,0,CONSUME,FREE,10,5,5,12,0
442,RUNNING,IDLE,RUNNING,RUNNING,RUNNING,12,0,3,6,9,0,1,0,0,0,6,4,15,0,RESTOCK,FREE,10,5,5,12,15
443,RUNNING,IDLE,RUNNING,RUNNING,RUNNING,11,0,2,5,8,0,1,0,0,0,6,4,14,0,RESTOCK,FREE,10,5,5,12,14
444,RUNNING,IDLE,RUNNING,RUNNING,RUNNING,10,0,1,4,7,0,1,0,0,0,6,3,13,0,RESTOCK,FREE,10,5,5,12,13
445,RUNNING,IDLE,RUNNING,RUNNING,RUNNING,9,0,15,3,6,0,1,0,0,0,6,3,12,3,RESTOCK,CONSUME,10,5,5,11,12
446,RUNNING,IDLE,RUNNING,RUNNING,RUNNING,8,0,14,2,5,0,1,0,0,0,6,3,11,2,RESTOCK,CONSUME,10,5,5,11,11
447,RUNNING,IDLE,RUNNING,RUNNING,RUNNING,7,0,13,1,4,0,1,0,0,0,6,3,10,1,RESTOCK,CONSUME,10,5,5,11,10
448,RUNNING,IDLE,RUNNING,RUNNING,RUNNING,6,0,12,15,3,0,1,0,0,0,6,4,9,3,RESTOCK,CONSUME,10,5,5,10,9
449,RUNNING,IDLE,RUNNING,RUNNING,RUNNING,5,0,11,14,2,0,1,0,0,0,6,4,8,2,RESTOCK,CONSUME,10,5,5,10,8
450,RUNNING,IDLE,RUNNING,RUNNING,RUNNING,4,0,10,13,1,0,1,0,0,0,6,4,7,1,RESTOCK,CONSUME,10,5,5,10,7
451,RUNNING,IDLE,RUNNING,RUNNING,RUNNING,3,0,9,12,15,0,1,0,0,0,6,5,6,3,RESTOCK,CONSUME,10,5,5,9,6
452,RUNNING,IDLE,RUNNING,RUNNING,RUNNING,2,0,8,11,14,0,1,0,0,0,6,4,5,2,RESTOCK,CONSUME,10,5,5,9,5
453,RUNNING,IDLE,RUNNING,RUNNING,RUNNING,1,0,7,10,13,0,1,0,0,0,5,4,4,1,RESTOCK,CONSUME,10,5,5,9,4
454,IDLE,IDLE,RUNNING,RUNNING,RUNNING,0,0,6,9,12,1,1,0,0,0,6,4,3,0,RESTOCK,FREE,10,5,5,9,3
455,IDLE,IDLE,RUNNING,RUNNING,RUNNING,0,0,5,8,11,1,1,0,0,0,6,4,2,0,RESTOCK,FREE,10,5,5,9,2
456,IDLE,IDLE,RUNNING,RUNNING,RUNNING,0,0,4,7,10,1,1,0,0,0,6,4,1,0,RESTOCK,FREE,10,5,5,9,1
457,RUNNING,IDLE,RUNNING,RUNNING,RUNNING,15,0,3,6,9,0,1,0,0,0,6,4,3,15,CONSUME,RESTOCK,14,5,5,9,15
458,RUNNING,IDLE,RUNNING,RUNNING,RUNNING,14,0,2,5,8,0,1,0,0,0,6,4,2,14,CONSUME,RESTOCK,14,5,5,9,14
459,RUNNING,IDLE,RUNNING,RUNNING,RUNNING,13,0,1,4,7,0,1,0,0,0,6,4,1,13,CONSUME,RESTOCK,14,5,5,9,13
460,RUNNING,RUNNING,IDLE,RUNNING,RUNNING,12,15,0,3,6,0,0,1,0,0,6,4,3,12,CONSUME,RESTOCK,13,5,5,9,12
461,RUNNING,RUNNING,IDLE,RUNNING,RUNNING,11,14,0,2,5,0,0,1,0,0,5,4,2,11,CONSUME,RESTOCK,13,5,5,9,11
462,RUNNING,RUNNING,IDLE,RUNNING,RUNNING,10,13,0,1,4,0,0,1,0,0,5,4,1,10,CONSUME,RESTOCK,13,5,5,9,10
463,RUNNING,RUNNING,IDLE,IDLE,RUNNING,9,12,0,0,3,0,0,1,1,0,5,5,0,9,FREE,RESTOCK,13,5,5,9,9
464,RUNNING,RUNNING,IDLE,IDLE,RUNNING,8,11,0,0,2,0,0,1,1,0,5,5,0,8,FREE,RESTOCK,13,5,5,9,8
465,RUNNING,RUNNING,IDLE,IDLE,RUNNING,7,10,0,0,1,0,0,1,1,0,5,5,0,7,FREE,RESTOCK,13,5,5,9,7
466,RUNNING,RUNNING,IDLE,IDLE,IDLE,6,9,0,0,0,0,0,1,1,1,5,6,0,6,FREE,RESTOCK,13,5,5,9,6
467,RUNNING,RUNNING,IDLE,IDLE,IDLE,5,8,0,0,0,0,0,1,1,1,5,6,0,5,FREE,RESTOCK,13,5,5,9,5
468,RUNNING,RUNNING,IDLE,IDLE,IDLE,4,7,0,0,0,0,0,1,1,1,5,5,0,4,FREE,RESTOCK,13,5,5,9,4
469,RUNNING,RUNNING,IDLE,IDLE,IDLE,3,6,0,0,0,0,0,1,1,1,4,5,0,3,FREE,RESTOCK,13,5,5,9,3
470,RUNNING,RUNNING,IDLE,IDLE,IDLE,2,5,0,0,0,0,0,1,1,1,4,5,0,2,FREE,RESTOCK,13,5,5,9,2
471,RUNNING,RUNNING,IDLE,IDLE,IDLE,1,4,0,0,0,0,0,1,1,1,4,5,0,1,FREE,RESTOCK,13,5,5,9,1
472,IDLE,RUNNING,IDLE,IDLE,IDLE,0,3,0,0,0,1,0,1,1,1,5,5,0,0,FREE,FREE,13,5,5,14,0
473,IDLE,RUNNING,IDLE,IDLE,IDLE,0,2,0,0,0,1,0,1,1,1,5,5,0,0,FREE,FREE,13,5,5,14,0
474,IDLE,RUNNING,IDLE,IDLE,IDLE,0,1,0,0,0,1,0,1,1,1,5,5,0,0,FREE,FREE,13,5,5,14,0
475,IDLE,IDLE,IDLE,IDLE,IDLE,0,0,0,0,0,1,1,1,1,1,6,4,0,0,FREE,FREE,13,5,5,14,0
476,IDLE,IDLE,IDLE,IDLE,IDLE,0,0,0,0,0,1,1,1,1,1,6,4,0,0,FREE,FREE,13,5,5,14,0
477,IDLE,IDLE,IDLE,IDLE,IDLE,0,0,0,0,0,1,1,1,1,1,5,4,0,0,FREE,FREE,13,5,5,14,0
478,IDLE,IDLE,IDLE,IDLE,IDLE,0,0,0,0,0,1,1,1,1,1,5,4,0,0,FREE,FREE,13,5,5,14,0
479,IDLE,IDLE,IDLE,IDLE,IDLE,0,0,0,0,0,1,1,1,1,1,5,4,0,0,FREE,FREE,13,5,5,14,0
